EXPORT_PRODUITS-1,,,,,,,,,,,,,,,,,,,,,,,,,,,,,,,,,,,,,,,,,,,,,,,,,,,,,,,,,
CODE,NOM DU PRODUIT,ACTIF,FAMILLE,NOM DE LA FAMILLE,TVA,NOM DE LA TVA,UNITE,NOM DE L'UNITE,PRIX ACHAT,COEFFICIENT,PRIX VENTE,QTE 1,P VENTE1,QTE2,P VENTE2,STOCK,DELAI,COMPOSITION,PESE,COEFFICIENT UNITE,TARE,RECETTE,AIDE A LA VENTE,PRIX TARIF1,QTE 1-1,P TARIF 1-1,QTE 1-2,P TARIF1-2,PRIX TARIF2,QTE 2-1,P TARIF 2-1,QTE 2-2,P TARIF 2-2,PRIX TARIF3,QTE 3-1,P TARIF 3-1,QTE 3-2,P TARIF 3-2,PRIX TARIF4,QTE 4-1,P TARIF 4-1,QTE 4-2,P TARIF 4-2,DATE MODIFICATION,DATE CREATION,NOM DE L'IMAGE,SUIVI STOCK,TICKET REPAS,ALERTE,ETIQUETTE,CODE RAYON,NOM DU RAYON ,CODE FOURNISSEUR,POIDS NET,CA SUR LIVRAISON,INTERDIT REMISE,CAB
1,COMTE JEUNE,1,1,PPC,1,TVA 3%,2,le kilo,"15,15","2,502","37,9",0,0,0,0,"-70,816",21,"Vache/Bourgogne/Franche comté/Cru/AOP/lait, sel, présure",1,0,0,Ce comté se marie parfaitement avec du vin blanc sec comme un bon Jurançon ou avec une biere d’abbaye,"aromes légers, beurrés et noisetés","25,22",0,0,0,0,"22,9",0,0,0,0,"22,9",0,0,0,0,0,0,0,0,0,20251023,20220202,,1,1,0,1,1,MAGASIN,1,0,0,0,1
2,COMTE VIEUX,1,1,PPC,1,TVA 3%,2,le kilo,"18,7","2,5","46,75",0,0,0,0,"-67,556",21,"Vache/Bourgogne/Franche comté/Cru/AOP/lait, sel, présure",1,0,0,"Le comté s’accorde avec du vin blanc sec de sa région. Il se marie parfaitement avec des Côtes du Jura blanc, un Arbois, une bouteille d’Étoile ou encore un vieux Château-Chalon. Mais il se complète aussi avec des vins hors du Jura tels qu’un Savagnin, un Châteauneuf-du-Pape ou un Chardonnay de Bourgogne. Bien fruité après un long affinage, il s’accompagne fort bien avec du vin rouge comme un Gamay du Beaujolais, un Rosé Marsannay ou un Cabernet Franc de Loire.",Goût est intense avec des arômes soutenus et diversifiés. Les arômes de type grillé fort – oignon grillé – dominent les arômes fruités – châtaigne – et même animal –,"32,11",0,0,0,0,"29,9",0,0,0,0,"29,9",0,0,0,0,0,0,0,0,0,20251023,20220202,,1,1,0,1,1,MAGASIN,1,0,0,0,2
3,FIOR DI OCCHIATELLO,1,2,PPNC,1,TVA 3%,2,le kilo,"14,98","2,503","37,5",0,0,0,0,"-8,248",21,"Vache/Italie/lait pasteurisé , sel, présure",1,0,0,,,"27,9",0,0,0,0,"24,95",0,0,0,0,27,0,0,0,0,0,0,0,0,0,20250218,20220202,,1,1,0,1,1,MAGASIN,20,0,0,0,3
4,ABONDANCE,1,1,PPC,1,TVA 3%,2,le kilo,"18,73","2,13","39,9",0,0,0,0,"-0,338",21,"Vache/Auvergne/Rhône-Alpes/Cru/AOP/lait, sel, présure",1,0,0,"L’Abondance se consomme généralement avec un vin de Savoie. Par exemple, le Chasselas, un vin léger, ou alors un vin blanc sec, Pour les amateurs de vin rouge, l’Abondance se marie également avec UN Chignin rouge, Bourgogne Côte Chalonnaise rouge, Coteaux du Loir rouge… Il y a l’embarras du choix","Un goût fin, franc sur la noisette. Légère pointe d’amertume caractéristique.","34,1",0,0,0,0,"29,4",0,0,0,0,0,0,0,0,0,0,0,0,0,0,20250121,20220202,,1,1,0,1,1,MAGASIN,2,0,0,0,4
5,ETIVAZ ALPAGE,1,1,PPC,1,TVA 3%,2,le kilo,"23,47","2,501","58,7",0,0,0,0,"-12,198",21,"Vache/Suisse/Cru/AOP/lait, sel, présure",1,0,0,"Ce fromage se marie très bien avec un Pinot Auxerrois, Pinot Gris, Riesling, Arbois, Bourgogne Aligoté Blanc, Bugey Blanc, Château Chalon Blanc.","Le goût riche en arômes de L’Etivaz AOP provient d’un large bouquet d’herbes naturelles et de la fumée du feu d’épicéa qui sert à chauffer le caillé. Il a une saveur riche en arômes, légèrement fruitée, évocatrice d’un goût de noisette.","43,56",0,0,0,0,"38,74",0,0,0,0,"38,74",0,0,0,0,0,0,0,0,0,20250218,20220202,,1,1,0,1,1,MAGASIN,2,0,0,0,5
6,GRUYERE  ALPAGE,1,1,PPC,1,TVA 3%,2,le kilo,"23,89","2,501","59,75",0,0,0,0,"-15,98",21,"Vache/Suisse/Cru/AOP/lait, sel, présure",1,0,0,"Ce Gruyère s’accordera avec un vin sec qui a assez de matière et de gras pour sublimer ses notes très aromatiques !  L’association rouge et fromage est toujours périlleuse, ici on va privilégier un vin léger et très fruité, qui accompagnera à merveille ce Gruyère beurré ! On évitera les tanins trop durs et charpentés !","Le goût mûr et corsé associé aux cristaux de sel fins, la note fruitée, l'arôme fin de marron grillé ou de noisette","40,25",0,0,0,0,"35,75",0,0,0,0,"35,74",0,0,0,0,0,0,0,0,0,20250923,20220202,,1,1,0,1,1,MAGASIN,1,0,0,0,6
7,BEAUFORT ETE,1,1,PPC,1,TVA 3%,2,le kilo,"23,9","2,5","59,75",0,0,0,0,"-19,608",21,"Vache/Auvergne/Rhône-Alpes/Cru/AOP/lait, sel, présure",1,0,0,"Le beaufort se marie parfaitement avec du vin blanc sec comme un bon L'Etoile vin jaune, un Château-Chalon, un Arbois vin jaune, un Côtes du Jura vin jaune ou encore un Pacherenc du Vic-Bilh sec.",Parfum fruité accompagné d’un goût de noisette très prononcé.Ffromage au goût typé sans pour autant être fort.,"43,1",0,0,0,0,"38,29",0,0,0,0,"38,29",0,0,0,0,0,0,0,0,0,20251023,20220202,,1,1,0,1,1,MAGASIN,2,0,0,0,7
8,APPENZELLER,1,1,PPC,1,TVA 3%,2,le kilo,"18,57","2,499","46,4",0,0,0,0,"-43,982",21,"Vache/Suisse/Cru//lait, sel, présure",1,0,0,"L’appenzeller crème se marie a un vin blanc sec tel qu’un Chablis, un muscadet ou un vin d’Alsace tel un pinot gris.",Fondant en bouche avec une note de noisette et une finale épicée,0,0,0,0,0,"31,6",0,0,0,0,"31,65",0,0,0,0,0,0,0,0,0,20250218,20220202,,1,1,0,1,1,MAGASIN,20,0,0,0,8
9,LE FRIBOURG A LA CREME,1,2,PPNC,1,TVA 3%,2,le kilo,"15,35","2,508","38,5",0,0,0,0,"-7,668",21,"LAIT DE VACHE PASTEURISElait, sel, présureENRICHI A LA CREME",1,0,0,,,"30,9",0,0,0,0,0,0,0,0,0,0,0,0,0,0,0,0,0,0,0,20250401,20220202,,1,1,0,1,1,MAGASIN,20,0,0,0,9
11,TETE DE MOINE GOLD,1,2,PPNC,1,TVA 3%,2,le kilo,"22,48","2,5","56,2",0,0,0,0,"-19,874",21,"Vache/Suisse/Cru/AOP/lait, sel, présure",1,0,0,"Un vin blanc sec assez puissant, fin et très légèrement boisé, au nez ouvert et à la bouche fraiche..  Très bon accord  avec un Côtes du rhône villages chusclan, Mâcon blanc, Mercurey","Son goût pur, aromatique et plus corsé est le résultat d’un affinage d’au moins quatre mois.","40,17",0,0,0,0,"34,92",0,0,0,0,"34,92",0,0,0,0,0,0,0,0,0,20251022,20220202,,1,1,0,1,1,MAGASIN,2,0,0,0,11
13,KALTBACH,1,2,PPNC,1,TVA 3%,2,le kilo,"21,34","2,5","53,35",0,0,0,0,"-17,456",21,"Vache/Suisse/Pasteurisé//lait, sel, présure",1,0,0,"Parfait en apéro avec un bonne IPA(India Pale Ale) ou une bière blanche. De type plutôt vin? Essayez-le avec un verre de Chardonnay, Chenin Blanc ou Riesling.","Rehaussé de crème, il offre une merveilleuse texture fondante en bouche.","30,78",0,0,0,0,"27,36",0,0,0,0,"27,36",0,0,0,0,0,0,0,0,0,20250218,20220202,,1,1,0,1,1,MAGASIN,2,0,0,0,13
15,PARMIGIANO REGGIANO V. BRUNE,1,1,PPC,1,TVA 3%,2,le kilo,"22,28","2,5","55,7",0,0,0,0,"5,228",21,"Vache/Italie/Cru/DOP/lait, sel, présure",1,0,0,"Le partenaire idéal sera ample, rond et profond, de préference millésimé. Les arômes fruités et gourmands d’un Blanc du Rhone, du Languedoc ou du Roussillon sont parfaits pour l ‘accompagner,","Le parmesan de Vacche Bruna, vache brune, est le plus doux des parmesans avec un goût aux notes beurrées.","40,78",0,0,0,0,"36,25",0,0,0,0,"36,25",0,0,0,0,0,0,0,0,0,20251022,20220202,,1,1,0,1,1,MAGASIN,1,0,0,0,15
16,EMMENTAL SUISSE,1,1,PPC,1,TVA 3%,2,le kilo,"17,02","2,501","42,57",0,0,0,0,"-1,044",21,"Vache/Suisse/Cru/AOP/lait, sel, présure",1,0,0,"Il s’accordent particulièrement bien avec le vin rouge. Choisissez-le de concentration moyenne, charnu et épicé. Un vin blanc gras et aromatique est également un excellent choix pour relever les saveurs du fromage et rafraichir le palais.","Grâce à douze mois de raffinement, il développe son plein arôme de noisette.","34,24",0,0,0,0,"26,02",0,0,0,0,"26,02",0,0,0,0,0,0,0,0,0,20250218,20220202,,1,1,0,1,1,MAGASIN,2,0,0,0,16
17,CANTAL,1,2,PPNC,1,TVA 3%,2,le kilo,"12,92","2,5","32,3",0,0,0,0,"-0,764",21,"Vache/Auvergne/Rhône-Alpes/Cru/AOP/lait, sel, présure",1,0,0,"Il saura être très apprécié accompagné d’un vin rouge fruité et léger (Chinon par exemple), ou d’un vin blanc sec.","Selon ce même critère temporel, le goût passera de l’acidulé d’abord (Cantal Jeune), au plutôt fruité et persistant ensuite (Cantal Entre-Deux ou Vieux).","25,5",0,0,0,0,"23,5",0,0,0,0,0,0,0,0,0,0,0,0,0,0,20251010,20220202,,1,1,0,1,1,MAGASIN,1,0,0,0,17
18,MIMOLETTE VIEILLE,1,2,PPNC,1,TVA 3%,2,le kilo,"12,86","2,5","32,15",0,0,0,0,"-8,12",21,"VACHE,HAUT DE FRANCE,PASTEURISE,LAIT,SEL,PRESURE,ROCOU",1,0,0,"La mimolette vieille et extra vieille se marie parfaitement avec du vin rouge sec comme un bon Vin de Savoie Chignin rouge, un Côtes d'Auvergne Madargues rouge, un Bourgogne Côtes d'Auxerre rouge, un Valençay rouge ou encore un Bugey rouge Pinot noir.","Son goût franc, relativement relevé et salé avec une légère pointe d’acidité ou d’amertume donne à ce fromage une odeur franche, subtile et fruitée caractéristique de la mimolette.","23,15",0,0,0,0,"20,6",0,0,0,0,"20,6",0,0,0,0,0,0,0,0,0,20250218,20220202,,1,1,0,1,1,MAGASIN,1,0,0,0,18
19,MORBIER,1,2,PPNC,1,TVA 3%,2,le kilo,"12,9","2,24","28,9",0,0,0,0,"-29,812",21,"Vache/Bourgogne/Franche comté/Cru/AOP/lait, sel, présure, charbon végétal",1,0,0,"Le morbier se marie parfaitement avec du vin rouge sec comme un bon Vin de Savoie Jongieux rouge, un Côtes d'Auvergne Châteaugay rouge, un Bourgogne Côtes d'Auxerre rouge, un Valençay rouge ou encore un Coteaux d'Ancenis rouge.","Sa pâte souple et délicate possède une belle onctuosité. D’une saveur plutôt prononcée, ce fromage offre des notes florales et fruités et un arôme doux et lactique.","23,22",0,0,0,0,"21,93",0,0,0,0,"21,93",0,0,0,0,0,0,0,0,0,20250121,20220202,,1,1,0,1,1,MAGASIN,1,0,0,0,19
20,REBLOCHON,1,2,PPNC,1,TVA 3%,2,le kilo,"18,06","2,5","45,15",0,0,0,0,"-32,848",14,"Vache/Auvergne/Rhône-Alpes/Cru/AOP/lait, sel, présure",1,0,0,"Pour accorder le reblochon avec un vin de la même région, nous vous conseillons un vin blanc sec du vignoble de Savoie bugey comme un bon Vin de Savoie Chignin blanc, un Vin de Savoie Crépy, un Vin de Savoie Jongieux blanc, un Vin de Savoie Abymes ou encore un Vin de Savoie Apremont.",La texture est moelleuse pour une matière fondante en bouche avec de belles sensations de gras.,"32,34",0,0,0,0,"28,75",0,0,0,0,"28,75",0,0,0,0,0,0,0,0,0,20250218,20220202,,1,1,0,1,1,MAGASIN,1,0,0,0,20
21,SAINT NECTAIRE FERMIER,1,2,PPNC,1,TVA 3%,2,le kilo,"16,75","2,502","41,9",0,0,0,0,"-26,666",21,"Vache/Auvergne/Rhône-Alpes/Cru/AOP/lait, sel, présure",1,0,0,"Le saint-nectaire se marie parfaitement avec du vin rouge sec comme un bon Vin de Savoie Chautagne rouge, un Bourgogne Côtes d'Auxerre rouge, un Valençay rouge, un Coteaux d'Ancenis rouge ou encore un Coteaux du Giennois rouge.","Odeur dominante de moisissures , souple sans mollesse, goût de terroir prononcé","31,3",0,0,0,0,"27,85",0,0,0,0,"27,85",0,0,0,0,0,0,0,0,0,20251023,20220202,,1,1,0,1,1,MAGASIN,1,0,0,0,21
22,TOMME DE SAVOIE FERMIERE,1,2,PPNC,1,TVA 3%,2,le kilo,"15,1","2,5","37,75",0,0,0,0,"-37,512",21,"Vache/Auvergne/Rhône-Alpes/Cru/IGP/lait, sel, présure",1,0,0,"La tomme de savoie se marie parfaitement avec du vin rouge sec comme un bon Vin de Savoie Jongieux rouge, un Côtes d'Auvergne Madargues rouge, un Bourgogne Côtes d'Auxerre rouge, un Valençay rouge ou encore un Bugey rouge Pinot noir.",La Tomme de Savoie a une texture fondante. Une odeur relevée de terroir et un goût lactique à animal. ,"24,25",0,0,0,0,"21,55",0,0,0,0,"21,55",0,0,0,0,0,0,0,0,0,20251023,20220202,,1,1,0,1,1,MAGASIN,1,0,0,0,22
23,TOMME AUX FLEURS,1,2,PPNC,1,TVA 3%,2,le kilo,"19,38","2,167",42,0,0,0,0,"-80,675",21,"VACHE,AUTRICHE,PASTEURISE,LAIT,SEL,PRESURE,MELANGE DE FLEURS -SOUCIS,MAUVE,PETALES DE ROSE- EPICES, HERBES",1,0,0,"Un vin blanc et fruité de Savoie devrait faire l’affaire, ou un Autrichien si vous trouvez","Les notes crémeuses et le caramel léger font référence à la matière première, le lait de foin. La pâte crémeuse et onctueuse fond à merveille.","26,41",0,0,0,0,"23,47",0,0,0,0,"23,47",0,0,0,0,0,0,0,0,0,20250218,20220202,,1,1,0,1,1,MAGASIN,1,0,0,0,23
24,RACLETTE AUX TRUFFES,1,2,PPNC,1,TVA 3%,2,le kilo,"18,67","2,501","46,7",0,0,0,0,"-4,438",5,"Vache/Bourgogne/Franche comté/Cru//lait, sel, présure, truffe d’été",1,0,0,,La raclette par excellence pour apprécier la saveur champignonée de la truffe,0,0,0,0,0,0,0,0,0,0,"32,67",0,0,0,0,0,0,0,0,0,20251028,20220202,,1,0,0,0,1,MAGASIN,1,0,0,0,24
25,RACLETTE AIL DES OURS,1,2,PPNC,1,TVA 3%,2,le kilo,"17,1","2,5","42,75",0,0,0,0,"21,41",5,"Vache/Cru/lait, sel, présure, ail des oursHAUTES ALPES",1,0,0,"Associée cette raclette à un vin blanc sec, tel un Côtes du Jura",Une raclette résoluement sauvage au goût herbacé,0,0,0,0,0,0,0,0,0,0,"26,76",0,0,0,0,0,0,0,0,0,20250909,20220202,,1,1,0,1,1,MAGASIN,1,0,0,0,25
27,RACLETTE FUMEE,1,2,PPNC,1,TVA 3%,2,le kilo,"13,72","2,733","37,5",0,0,0,0,"31,324",5,"Vache/Bourgogne/Cru/ Lait, sel, présureHAUTES ALPES",1,0,0,"Coté vin blancs, privilégier les vins Savoyards, tel que le Chignin Bergeron ou la Roussette de Savoie.  Coté, vin rouge servir un Gamay ou Pinot de Savoie . Une belle idée pour une raclette plus festive optez pour du Champagne ou Crémant","Elle est délicate, subtile et équilibrée, avec un fondant idéal",0,0,0,0,0,0,0,0,0,0,"26,06",0,0,0,0,0,0,0,0,0,20251104,20220202,,1,0,0,0,1,MAGASIN,2,0,0,0,27
29,RACLETTE POIVRE,1,2,PPNC,1,TVA 3%,2,le kilo,"17,11","2,502","42,8",0,0,0,0,"4,437",5,"Vache/Cru//lait, sel, présure, poivreHAUTES ALPES",1,0,0,"Coté vin blancs, privilégier les vins Savoyards, tel que le Chignin Bergeron ou la Roussette de Savoie.  Coté, vin rouge servir un Gamay ou Pinot de Savoie . Une belle idée pour une raclette plus festive optez pour du Champagne ou Crémant","Le poivre procure un goût plus relevé, qui exhale le parfum sous l’effet de la chaleur",0,0,0,0,0,0,0,0,0,0,"26,76",0,0,0,0,0,0,0,0,0,20250909,20220202,,1,1,0,1,1,MAGASIN,1,0,0,0,29
30,RACLETTE PIMENT ESPELETTE,1,2,PPNC,1,TVA 3%,2,le kilo,"17,45","2,499","43,6",0,0,0,0,"-8,352",5,"Vache/Cru//lait, sel, présure, piments d’espelettesHautes Alpes",1,0,0,"Coté vin blancs, privilégier les vins Savoyards, tel que le Chignin Bergeron ou la Roussette de Savoie.  Coté, vin rouge servir un Gamay ou Pinot de Savoie . Une belle idée pour une raclette plus festive optez pour du Champagne ou Crémant","Très gouteuse et assez relevé, elle ravira les amateurs de piquant",0,0,0,0,0,0,0,0,0,0,"27,39",0,0,0,0,0,0,0,0,0,20250909,20220202,,1,1,0,1,1,MAGASIN,1,0,0,0,30
33,RACLETTE,1,2,PPNC,1,TVA 3%,2,le kilo,"14,68","2,623","38,5",0,0,0,0,"-18,2",5,"Vache/Suisse/Pasteurisé//lait, sel, présure",1,0,0,"Choisissez un cépage Suisse, tel que le Fendant du Valais, un vin blanc fruité et frais",La richesse florale des pâturages donne un goût typé et de caractère,0,0,0,0,0,0,0,0,0,0,"25,69",0,0,0,0,0,0,0,0,0,20250912,20220202,,1,1,0,1,1,MAGASIN,2,0,0,0,33
34,OSSAU IRATY,1,2,PPNC,1,TVA 3%,2,le kilo,"22,32","2,5","55,8",0,0,0,0,"-14,427",21,"Brebis/Nouvelle Aquitaine/Cru/AOP/lait, sel, présure",1,0,0,"Issus d’un meme territoire, les vins Irouleguy et les Jurancon se marient parfaitement avec l’ossau Iraty, S’entend aussi tres bien avec les vins voisins du Piemont Pyrénéen.",l’Ossau-Iraty fond dans la bouche et révèle des arômes fruités et plein de fraîcheur. ,"35,55",0,0,0,0,"31,9",0,0,0,0,"32,9",0,0,0,0,0,0,0,0,0,20250219,20220202,,1,1,0,1,1,MAGASIN,1,0,0,0,34
36,GOUDA TRUFFES,1,2,PPNC,1,TVA 3%,2,le kilo,"17,36","2,5","43,4",0,0,0,0,"-8,69",21,"Vache/Pays Bas/Thermisé//lait, sel, présure, truffe d’été",1,0,0,"Un vin rouge fruité, ou un rosé sec ou d’une bière blonde, seront  une belle découverte.",Ce Gouda vous apportera une saveur douce et subtile il sera difficile de s'en passer.,"30,61",0,0,0,0,"27,2",0,0,0,0,0,0,0,0,0,0,0,0,0,0,20250218,20220202,,1,1,0,1,1,MAGASIN,2,0,0,0,36
38,GOUDA EPICES CHORIZO,1,2,PPNC,1,TVA 3%,2,le kilo,"15,1","2,5","37,75",0,0,0,0,"-10,064",21,"Vache/Pays Bas/Thermisé//lait, sel, présure, poudre de paprika épicée fumée",1,0,0,Le mélange des saveurs épicées tel le chorizo invite a privilégier des vins fruités et souples comme des vins du Languedoc,,"26,19",0,0,0,0,"23,29",0,0,0,0,"23,29",0,0,0,0,0,0,0,0,0,20250218,20220202,,1,1,0,1,1,MAGASIN,2,0,0,0,38
41,LA BASQUAISE,1,2,PPNC,1,TVA 3%,2,le kilo,"22,8","2,5",57,0,0,0,0,"0,952",21,"Brebis/Nouvelle Aquitaine/Cru//lait, sel, présure, piment d’espelette",1,0,0,"Un Chinon jeune sur le fruit, sans trop de tanin","Le piment d’Espelette typique du Pays Basque, lui donne tout son caractère et relève son léger goût de sel","39,95",0,0,0,0,"35,5",0,0,0,0,0,0,0,0,0,0,0,0,0,0,20250219,20220202,,1,1,0,1,1,MAGASIN,2,0,0,0,41
42,TOMME DE CHEVRE,1,2,PPNC,1,TVA 3%,2,le kilo,"18,57","2,501","46,45",0,0,0,0,"-26,855",21,"Chèvre/Occitanie/Pasteurisé/lait, sel, présure",1,0,0,"Vinss blanc de Savoie, Apremont, Abymes ou Roussettes",En  bouche il reste très frais et fruité avec la puissance si convoitée des fromages purs chèvres...,"31,78",0,0,0,0,"28,26",0,0,0,0,"28,26",0,0,0,0,0,0,0,0,0,20251023,20220202,,1,1,0,1,1,MAGASIN,2,0,0,0,42
46,MANCHEGO DON JUAN 10 MOIS,1,2,PPNC,1,TVA 3%,2,le kilo,"21,72","2,565","55,7",0,0,0,0,"5,176",21,"Brebis/Espagne/Pasteurisé/AOP/lait, sel, présure",1,0,0,"Ce fromage se marie très bien avec un Rioja rouge, Xérès, Rancio","Gout intense et légerement acide, voir épicé","30,3",0,0,0,0,"26,95",0,0,0,0,"26,95",0,0,0,0,0,0,0,0,0,20250219,20220202,,1,1,0,1,1,MAGASIN,1,0,0,0,46
47,TOMME DES CROQUANTS,1,2,PPNC,1,TVA 3%,2,le kilo,"20,38","2,453",50,0,0,0,0,"-7,922",21,"Vache/Nouvelle Aquitaine/Pasteurisé//lait, sel, présure, arome noix, liqueur noix",1,0,0,La Tomme des Croquants affinée à la liqueur de noix est un excellent fromage qui réclame un vin à sa hauteur.  Un vin blanc doux est parfait pour accompagner la douceur et l’onctuosité de ce fromage atypique.,Allie la douceur de la Tomme des Croquants nature à la saveur boisée de la liqueur de noix.,"31,75",0,0,0,0,"28,25",0,0,0,0,"28,25",0,0,0,0,0,0,0,0,0,20250218,20220202,,1,1,0,1,1,MAGASIN,2,0,0,0,47
48,RUTLAND RED,1,2,PPNC,1,TVA 3%,2,le kilo,"19,94","2,5","49,85",0,0,0,0,"5,429",21,"Vache/Royaume Uni/Pasteurisé//lait, sel, présure, rocou",1,0,0,Idéal avec une biere brune ou un Viré-Clessé,Saveur fruitée avec une texture qui rappelle celle du Cheddar avec une texture grasse et moins friable.,"31,88",0,0,0,0,"27,49",0,0,0,0,"27,49",0,0,0,0,0,0,0,0,0,20251023,20220202,,1,1,0,1,1,MAGASIN,2,0,0,0,48
49,PECORINO SARDE,1,2,PPNC,1,TVA 3%,2,le kilo,"19,79","2,501","49,5",0,0,0,0,"-29,754",21,"Brebis/Italie/Cru/DOP/lait, sel, présure",1,0,0,"Le pécorine Sard affiné se marie bien avec les vins rouges de Sardaigne, type Cannonau","Un goût fort, agréablement épicé","34,1",0,0,0,0,"30,24",0,0,0,0,"28,18",0,0,0,0,0,0,0,0,0,20250219,20220202,,1,1,0,1,1,MAGASIN,1,0,0,0,49
52,LAGUIOLE,1,2,PPNC,1,TVA 3%,2,le kilo,"16,36","2,5","40,9",0,0,0,0,"-6,144",21,"Lait cru de vacheSuisseLait, sel, présurerecouvert ail des ours, morceaux de tomates, bailic et noix",1,0,0,,,"37,5",0,0,0,0,"33,5",0,0,0,0,0,0,0,0,0,0,0,0,0,0,20250930,20220202,,1,1,0,1,1,MAGASIN,20,0,0,0,52
53,BRIE ABRICOT PISTACHE,1,3,CROUTES FLEURIES,1,TVA 3%,2,le kilo,"21,47",0,"44,9",0,0,0,0,0,21,"Chèvre/Auvergne/Rhône-Alpes/Cru/AOP/lait, sel, présure",1,0,0,"Pour accorder le chevrotin avec un vin de la même région, nous vous conseillons un vin blanc sec du vignoble de Savoie bugey comme un bon Vin de Savoie Chignin blanc, un Seyssel molette, ou un Roussette","Une saveur unique : de la douceur, doublée d’une légère pointe de piquant.","38,65",0,0,0,0,"34,15",0,0,0,0,0,0,0,0,0,0,0,0,0,0,20230420,20220202,,1,1,0,1,1,MAGASIN,1,0,0,0,53
54,CLAOUSOU 250 G,1,4,CROUTES LAVEES,1,TVA 3%,1,la pièce,"6,54","2,5","16,35",0,0,0,0,-34,15,"Brebis/Occitanie/Cru//lait, sel, présure",0,0,0,"Le brebis se marie parfaitement avec du vin blanc sec comme un bon Sancerre blanc, un Cour-Cheverny, un Reuilly blanc, un Quincy ou encore un Saint-Pourçain blanc.","En bouche, Le Claousou présente des notes fines de lait cru de brebis harmonieusement mélangées aux saveurs boisées de la sangle.","11,18",0,0,0,0,"9,94",0,0,0,0,"10,55",0,0,0,0,0,0,0,0,0,20251022,20220202,,1,1,0,1,1,MAGASIN,1,0,0,0,3760016740051
56,MONT D'OR 400G,1,4,CROUTES LAVEES,1,TVA 3%,1,la pièce,"8,02","2,5","20,05",0,0,0,0,3,15,"Vache/Bourgogne/Franche comté/Cru/AOP/lait, sel, présure",0,0,0,,,"13,8",0,0,0,0,"12,85",0,0,0,0,"13,2",0,0,0,0,0,0,0,0,0,20251015,20220203,,1,1,0,1,1,MAGASIN,1,0,0,0,3476810005134
57,MOELLEUX DU REVARD,1,4,CROUTES LAVEES,1,TVA 3%,1,la pièce,"20,7","2,5","51,75",0,0,0,0,"1,297",15,"////lait, sel, présure",1,0,0,,,"34,45",0,0,0,0,"30,6",0,0,0,0,0,0,0,0,0,0,0,0,0,0,20250218,20220203,,1,1,0,1,1,MAGASIN,1,0,0,0,
59,SAVEUR DU MAQUIS,1,6,CHEVRE,1,TVA 3%,2,le kilo,"19,8","2,5","49,5",0,0,0,0,"-18,97",15,"Brebis/Corse/Pasteurisé//lait, sel, présure",1,0,0,"Les vins rouges, tel un Vacqueyras ou un Bordeaux . Un blan savoyard, tel un Chignin Bergeron",Son goût est assez frais en bouche et légèrement herbacés du fait des herbes aromatiques du fromage.,"32,96",0,0,0,0,"29,3",0,0,0,0,0,0,0,0,0,0,0,0,0,0,20251022,20220202,,1,1,0,1,1,MAGASIN,1,0,0,0,57
60,LE RUSTIQUE,1,1,PPC,1,TVA 3%,2,le kilo,"20,71","1,736","35,95",0,0,0,0,"-9,444",21,"Vache/Suisse/Thermisé/AOP/lait, sel, présure",1,0,0,"Idéal avec un vin rouge sec, léger, non boisé","Uon goût fruité, son gras, sa persistance en bouche, sa richesse aromatique","37,3",0,0,0,0,"33,15",0,0,0,0,"33,2",0,0,0,0,0,0,0,0,0,20250109,20220202,,1,1,0,1,1,MAGASIN,1,0,0,0,58
61,MOELLEUX DE REVARD TRUFFE,1,2,PPNC,1,TVA 3%,2,le kilo,"38,76","2,061","79,9",0,0,0,0,0,21,"Lait pasteurisé de brebisEspagneLait, sel, présure, piment jalapeno (3% de pâte de piments)",1,0,0,,,0,0,0,0,0,0,0,0,0,0,0,0,0,0,0,0,0,0,0,0,20231205,20220202,,1,1,0,1,1,MAGASIN,2,0,0,0,59
64,ROQUEFORT,1,5,PATES PERSILLEES,1,TVA 3%,2,le kilo,"20,8","2,5",52,0,0,0,0,"-55,453",15,"Brebis/Occitanie/Cru/AOP/lait, sel, présure",1,0,0,"Les fromages aux noix se marient très bien avec un vin rouge de Savoie, Chignin Rouge, Un Bourgogne Côtes d’Auxerre",Le fromage doit fondre sous le palais en laissant une étonnante sensation de moisissure et de salinité. Bien vieilli il peut être très fort !,"35,35",0,0,0,0,"31,41",0,0,0,0,"31,41",0,0,0,0,0,0,0,0,0,20250219,20220202,,1,1,0,1,1,MAGASIN,1,0,0,0,62
66,FOURME D’AMBERT,1,5,PATES PERSILLEES,1,TVA 3%,2,le kilo,"12,39","2,5","30,97",0,0,0,0,"-45,343",15,"Vache/Auvergne/Rhône-Alpes/Cru/AOP/lait, sel, présure",1,0,0,"Pour accorder le roquefort avec un vin de la même région, nous vous conseillons un vin blanc doux du vignoble du Sud-ouest comme un bon Monbazillac, un Barsac, un Gaillac vendanges tardives, un Sainte-Croix-du-Mont ou encore un Cérons.","Ce fromage a un goût fruité et légèrement salé, sans trop de puissance en bouche. Il dégage un parfum subtil de sous-bois. Saveur a la fois rustique et parfumée","19,53",0,0,0,0,"17,38",0,0,0,0,0,0,0,0,0,0,0,0,0,0,20250218,20220202,,1,1,0,1,1,MAGASIN,1,0,0,0,64
67,PERSILLE DE CHEVRE,1,5,PATES PERSILLEES,1,TVA 3%,2,le kilo,"25,89","2,177","56,35",0,0,0,0,"-0,453",15,"Chèvre/Île de France/Pasteurisé//lait, sel, présure",1,0,0,,A mi-chemin entreDles notes de chèvre et de persillé bleu.,"42,1",0,0,0,0,"37,4",0,0,0,0,"37,4",0,0,0,0,0,0,0,0,0,20250219,20220202,,1,1,0,1,1,MAGASIN,1,0,0,0,65
68,SHROPSHIRE,1,5,PATES PERSILLEES,1,TVA 3%,2,le kilo,"21,03","2,473",52,0,0,0,0,"-21,747",15,"Vache/Royaume Uni/Pasteurisé/AOP/lait, sel, présure, rocou",1,0,0,"La Fourme d’Ambert peut se marier alors avec un Côteaux-du-Layon, un Barsac, un Monbazillac ou encore un Bonnezeaux. Il est aussi possible de la servir avec du vin rouge tel que les Côtes d’Auvergne, Côtes du Forez, Côte-Roannaise, ou encore du rosé comme un Rasteau rosé ou un Muscat Beaumes-de-Venise.","Les saveurs longues en bouche, melent des pointes piquantes et acides a un goût beurré.","29,7",0,0,0,0,"26,4",0,0,0,0,0,0,0,0,0,0,0,0,0,0,20250218,20220202,,1,1,0,1,1,MAGASIN,1,0,0,0,66
69,BLEU D AUVERGNE,1,5,PATES PERSILLEES,1,TVA 3%,2,le kilo,"12,38","2,5","30,95",0,0,0,0,"-52,51",15,"Vache/Auvergne/Rhône-Alpes/Cru/AOP/lait, sel, présure",1,0,0,On l’associe généralement à un vin blanc sec et fruité de Savoie.,Une texture fondante ainsi qu’un goût corsé.,"19,4",0,0,0,0,"17,25",0,0,0,0,"17,25",0,0,0,0,0,0,0,0,0,20250219,20220202,,1,1,0,1,1,MAGASIN,1,0,0,0,67
71,LANGRES 180 GR,1,4,CROUTES LAVEES,1,TVA 3%,1,la pièce,"2,85","2,421","6,9",0,0,0,0,-15,15,"Vache/Grand Est/Thermisé/AOP/lait, sel, présure",0,0,0,"Il se marie harmonieusement avec des vins rouges charpentés, Madiran, Cahors, mais aussi Bourgogne et Côtes du Rhones N’hésitez pas a le marier avec des vins blancs tel qu’un Jurançon moelleux ou un Sauternes",,"4,8",0,0,0,0,"4,2",0,0,0,0,0,0,0,0,0,0,0,0,0,0,20240220,20220202,,1,1,0,1,1,MAGASIN,1,0,0,0,69
73,PORT WINE DERBY,1,2,PPNC,1,TVA 3%,2,le kilo,"18,71","2,501","46,8",0,0,0,0,"-3,126",21,"Lait de vache pasteurisé Royaume UniLait, sel, présure,infusé au vin de porto.",1,0,0,,,"33,9",0,0,0,0,"31,9",0,0,0,0,0,0,0,0,0,0,0,0,0,0,20250218,20220202,,1,1,0,1,1,MAGASIN,20,0,0,0,72
77,MUNSTER,1,4,CROUTES LAVEES,1,TVA 3%,2,le kilo,20,"2,525","50,5",0,0,0,0,"-65,975",15,"Vache/Grand Est/Cru/AOP/lait, sel, présure",1,0,0,"Faites le choix d’un Grand Cidre, comme la cuvée Carpe Diem de Kerveguen, mais aussi un Riesling Grand Cru.  Si l’on y préfère le fruit alors un Gewurztraminer vous emportera par un nez de fruits exotiques. Pour un vin rouge faites le choix d’un Pomerol."," une saveur franche et relevée, sans être pour autant trop puissante.","35,86",0,0,0,0,"31,9",0,0,0,0,"27,54",0,0,0,0,0,0,0,0,0,20250218,20220202,,1,1,0,1,1,MAGASIN,1,0,0,0,77
78,ÉPOISSES 250 G,1,4,CROUTES LAVEES,1,TVA 3%,1,la pièce,"7,3","2,5","18,25",0,0,0,0,-41,15,"Vache/Bourgogne/Franche comté/Cru/AOP/lait, sel, présure",0,0,0,"Avec un Pont l'évêque, nous pouvons amener un Rasteau Blanc. Pour les vins rouges un léger affinage sera parfait sur un Chinon du Domaine P.Alliet mais si le fromage est très affiné, oubliez le rouge et passez au Condrieu du domaine du Monteillet.","Son goût est puissant, franc et équilibré, et procure une délicieuse sensation de crémeux sous le palais","12,88",0,0,0,0,"11,46",0,0,0,0,"11,46",0,0,0,0,0,0,0,0,0,20251023,20220202,,1,1,0,1,1,MAGASIN,1,0,0,0,330410001248
90,CAMEMBERT 250 GR BIO,1,3,CROUTES FLEURIES,1,TVA 3%,1,la pièce,"4,52","2,5","11,3",0,0,0,0,-113,21,"Vache/Normandie/Cru/AOP/lait, sel, présure",0,0,0,,"La pâte molle du jeune camembert propose un goût de beurre, de crème et de noisette, Plus affiné sa croûte fleurie rappelle l’odeur du champignon,","8,65",0,0,0,0,"7,65",0,0,0,0,"7,65",0,0,0,0,0,0,0,0,0,20251022,20220202,,1,1,0,1,1,MAGASIN,2,0,0,0,3252950009061
91,COULOMMIERS,1,3,CROUTES FLEURIES,1,TVA 3%,2,le kilo,"15,1","2,57","38,8",0,0,0,0,"-11,556",15,"Vache/Grand Est/Cru/AOP/lait, sel, présure",1,0,0,"De nombreux vins (rouges ou blancs) peuvent accompagner le brie de Meaux : bourgogne, côtes du Rhône, saint-émilion, pomerol, pinot-noir d'Alsace, voire champagne... Certains conseillent plutôt le cidre, de préférence de la même région.",Son goût doux mais parfois corsé aux notes de noisettes est particulièrement apprécié,"13,4",0,0,0,0,12,0,0,0,0,0,0,0,0,0,0,0,0,0,0,20240824,20220202,,1,0,0,0,1,MAGASIN,2,0,0,0,91
92,COULOMMIERS 225 GR,1,3,CROUTES FLEURIES,1,TVA 3%,1,la pièce,"3,72","2,083","7,75",0,0,0,0,0,15,Vache/Grand Est/Cru/AOP/,0,0,0,Le camembert s’accorde parfaitement avec un cidre fermier.,Son goût doux mais parfois corsé aux notes de noisettes est particulièrement apprécié,"6,7",0,0,0,0,6,0,0,0,0,0,0,0,0,0,0,0,0,0,0,20230120,20220202,,1,1,0,1,1,MAGASIN,2,0,0,0,92
93,BRILLÂT SAVARIN 550G,1,3,CROUTES FLEURIES,1,TVA 3%,1,la pièce,"9,85","2,498","24,6",0,0,0,0,-24,15,"Vache/Grand Est/Cru/IGP/lait, sel, présure",0,0,0,"Pour un Coulommiers, un bordeaux Supérieur rouge avec une préférence pour un cépage Merlot. Egalement un Saint Pourcain rouge (Loire) et si vous aimez les Blancs alors un Côte de Beaune Blanc","Ce fromage à des arômes de champignons de sous-bois, de la noisette et un petit goût très légèrement salé si l'affinage se prolonge.","17,1",0,0,0,0,"15,16",0,0,0,0,0,0,0,0,0,0,0,0,0,0,20251022,20220202,,1,1,0,1,1,MAGASIN,1,0,0,0,93
94,BRILLAT SAVARIN 1\2,1,3,CROUTES FLEURIES,1,TVA 3%,1,la pièce,"4,92","2,5","12,3",0,0,0,0,-16,15,Vache/Grand Est/Cru/IGP/,0,0,0,"Pour un Coulommiers, un bordeaux Supérieur rouge avec une préférence pour un cépage Merlot. Egalement un Saint Pourcain rouge (Loire) et si vous aimez les Blancs alors un Côte de Beaune Blanc","Ce fromage à des arômes de champignons de sous-bois, de la noisette et un petit goût très légèrement salé si l'affinage se prolonge.","8,55",0,0,0,0,"7,58",0,0,0,0,0,0,0,0,0,0,0,0,0,0,20251022,20220202,,1,1,0,1,1,MAGASIN,1,0,0,0,3700360806058
95,"BRILLÂT SAVARIN 112,5",1,3,CROUTES FLEURIES,1,TVA 3%,1,la pièce,"2,46","2,5","6,15",0,0,0,0,-399,15,"Vache/Grand Est/Cru/IGP/LAIT,SEL,PRESURE",0,0,0,"Le Brillat-Savarin peut  très bien s’accorder à des vins blancs de Bourgogne (Chablis, Meursault, Rully, Puligny-Montrachet, Fixin…) Des vins rouges de Bourgogne (Côte d’Auxerre (Pinot noir), Bourgogne Epineuil)","Ce fromage à des arômes de champignons de sous-bois, de la noisette et un petit goût très légèrement salé si l'affinage se prolonge.",0,0,0,0,0,0,0,0,0,0,"3,79",0,0,0,0,0,0,0,0,0,20251022,20220202,,1,1,0,1,1,MAGASIN,1,0,0,0,3700360806157
96,BRILLÂT SAVARIN TRUFFES 550G,1,3,CROUTES FLEURIES,1,TVA 3%,1,la pièce,"17,5","2,5","43,75",0,0,0,0,36,15,"Vache/Grand Est/Cru//lait, sel, présure, truffe",0,0,0,"Le Brillat-Savarin peut  très bien s’accorder à des vins blancs de Bourgogne (Chablis, Meursault, Rully, Puligny-Montrachet, Fixin…) Des vins rouges de Bourgogne (Côte d’Auxerre (Pinot noir), Bourgogne Epineuil)","en bouche, vous êtes transporté dans des sous bois humides avec des pointes noisetées. Un pur plaisir gourmand.","30,3",0,0,0,0,"26,9",0,0,0,0,0,0,0,0,0,0,0,0,0,0,20251022,20220202,,1,1,0,1,1,MAGASIN,2,0,0,0,96
97,BRILLAT SAVARIN TRUFFES 225G,1,3,CROUTES FLEURIES,1,TVA 3%,1,la pièce,"8,75","2,503","21,9",0,0,0,0,-15,15,Vache/Grand Est/Cru//,0,0,0,"Le Brillat-Savarin peut  très bien s’accorder à des vins blancs de Bourgogne (Chablis, Meursault, Rully, Puligny-Montrachet, Fixin…) Des vins rouges de Bourgogne (Côte d’Auxerre (Pinot noir), Bourgogne Epineuil)","en bouche, vous êtes transporté dans des sous bois humides avec des pointes noisetées. Un pur plaisir gourmand.","15,15",0,0,0,0,"13,45",0,0,0,0,0,0,0,0,0,0,0,0,0,0,20251022,20220202,,1,1,0,1,1,MAGASIN,1,0,0,0,97
98,BRILLAT SAVARIN TRUFFES 1\4,1,3,CROUTES FLEURIES,1,TVA 3%,1,la pièce,"4,37","2,494","10,9",0,0,0,0,-286,15,"Vache/Grand Est/LAIT CRU,CREME PASTEURISE,BRISURE DE TRUUFFE, AROME NATUREL",0,0,0,"Le brillat savarin truffé s’accorde très bien avec un vin rond, d'une bonne matière, à l'acidité jouant avec le gras du fromage, et des notes oxydatives épousant la truffe : Un champagne","en bouche, vous êtes transporté dans des sous bois humides avec des pointes noisetées. Un pur plaisir gourmand.",0,0,0,0,0,0,0,0,0,0,"6,75",0,0,0,0,0,0,0,0,0,20251022,20220202,,1,1,0,1,1,MAGASIN,1,0,0,0,3700360806140
99,SAINT FÉLICIEN 180 G,1,3,CROUTES FLEURIES,1,TVA 3%,1,la pièce,"3,94","2,5","9,85",0,0,0,0,-11,15,"Vache/Auvergne/Rhône-Alpes/Cru/lait, sel, présure",0,0,0,"Le brillat savarin truffé s’accorde très bien avec un vin rond, d'une bonne matière, à l'acidité jouant avec le gras du fromage, et des notes oxydatives épousant la truffe : Un champagne","Double crème onctueux. Goût d’étable, doux, frais et lacté. Persistant en bouche.","6,95",0,0,0,0,"6,18",0,0,0,0,"6,18",0,0,0,0,0,0,0,0,0,20250218,20220202,,1,1,0,1,1,MAGASIN,2,0,0,0,3760278751444
104,BRIE DE NANGIS,1,3,CROUTES FLEURIES,1,TVA 3%,2,le kilo,"11,9","2,5","29,75",0,0,0,0,"-89,163",15,"Vache/Ile de France/Cru//lait, sel, présure",1,0,0,"Le Gaperon se déguste très bien avec un rouge assez puissant, tel qu’un Bordeaux (par exemple, la cuvée Nouvelle Génération du Château Cailley) ou un Madiran (comme le Domaine Labranche Laffont). Sa saveur délicatement aromatisée et son goût aillé s’accordent aussi très bien avec les arômes boisés et prononcés des vins charpentés comme le Côtes-du-rhône.","Le Brie de Nangis se rapproche du Brie de Meaux AOP. Toutefois, le premier offre des saveurs plus équilibrées, sans amertume et dégage de légers arômes de sous-bois. Il gagne en saveur et intensité selon la durée de son affinage.","21,1",0,0,0,0,"18,68",0,0,0,0,"18,68",0,0,0,0,0,0,0,0,0,20250218,20220202,,1,1,0,1,1,MAGASIN,1,0,0,0,104
105,CHAOURCE 250 G,1,3,CROUTES FLEURIES,1,TVA 3%,1,la pièce,"5,09","2,495","12,7",0,0,0,0,-25,15,"Vache/Grand Est/Cru/AOP/lait, sel, présure",0,0,0,"Le Gaperon se déguste très bien avec un rouge assez puissant, tel qu’un Bordeaux (par exemple, la cuvée Nouvelle Génération du Château Cailley) ou un Madiran (comme le Domaine Labranche Laffont). Sa saveur délicatement aromatisée et son goût aillé s’accordent aussi très bien avec les arômes boisés et prononcés des vins charpentés comme le Côtes-du-rhône.","En bouche, la pâte du Chaource est fondante légèrement salée avec une pointe d’acidité et des arômes de crème, de champignon frais et de noisette.","7,25",0,0,0,0,"6,45",0,0,0,0,0,0,0,0,0,0,0,0,0,0,20250219,20220202,,1,1,0,1,1,MAGASIN,1,0,0,0,105
107,MAUZACAIS MARBRE 180 GR,1,6,CHEVRE,1,TVA 3%,1,la pièce,"4,27","2,084","8,9",0,0,0,0,0,15,"LAIT  CRU DE CHEVRE ,SEL,FERMENTS LACTIQUESAUVERGNE. RHONES-ALPES",0,0,0,,,"7,8",0,0,0,0,"6,9",0,0,0,0,0,0,0,0,0,0,0,0,0,0,20230429,20220202,,1,1,0,1,1,MAGASIN,2,0,0,0,107
110,PÉRAIL,1,3,CROUTES FLEURIES,1,TVA 3%,1,la pièce,"4,09","2,506","10,25",0,0,0,0,-56,15,"Brebis/Occitanie/Cru//lait, sel, présure",0,0,0,,La bouche est chatouillée par sa douce saveur veloutée que révèle sa pâte crémeuse.,0,0,0,0,0,0,0,0,0,0,0,0,0,0,0,0,0,0,0,0,20250218,20220202,,1,1,0,1,1,MAGASIN,2,0,0,0,110
113,CROTTIN FERMIER 60 G,1,6,CHEVRE,1,TVA 3%,1,la pièce,"2,27","2,511","5,7",0,0,0,0,-12,15,"Chèvre/Centre Val de Loire/Cru/lait, sel, présure",0,0,0,"Le piastrellou se marie parfaitement avec du vin rouge sec comme un bon Châteaumeillant rouge, un Sancerre rouge, un Anjou Villages, un Côtes d'Auvergne Châteaugay rouge ou encore un Saumur Puy-Notre-Dame.","Fromage lactique, qui délivrera tous ses arômes caprins au fil du temps,","3,45",0,0,0,0,"2,98",0,0,0,0,"2,98",0,0,0,0,0,0,0,0,0,20250218,20220202,,1,1,0,1,1,MAGASIN,1,0,0,0,3760278755688
117,SAINTE MAURE 250 G,1,6,CHEVRE,1,TVA 3%,1,la pièce,"6,37","2,496","15,9",0,0,0,0,-41,15,"Chèvre/Centre Val de Loire/Cru/AOP/lait, sel, présure",0,0,0,"Un Château des Jacques en blanc Grand Clos des Loyses (Beaujolais) s'accordera bien avec un fromage de chèvre comme le Pouligny Saint Pierre. Pour le Rouge et le Rosé un Valencay (Loire) de Minchin, les trois en un et vous comblerez tout les goûts. Et à coté de chez vous un Epineuil Blanc ou Rosé.",Ce fromage de chèvre dispose d'une saveur caprine très caractéristique mais douce.,"12,1",0,0,0,0,"10,75",0,0,0,0,0,0,0,0,0,0,0,0,0,0,20250218,20220202,,1,1,0,1,1,MAGASIN,1,0,0,0,117
123,MOTHAIS SUR FEUILLE 200 G,1,6,CHEVRE,1,TVA 3%,1,la pièce,"4,7","2,5","11,75",0,0,0,0,-91,15,"Chèvre/Nouvelle Aquitaine/Cru/lait, sel, présure",0,0,0,"Il se mariera parfaitement avec un Riesling, Chablis, Pouilly fumé blanc","le Mothais acquiert des notes animales, complétées parfois d’arômes des familles boisées, végétales et fruits secs.","7,2",0,0,0,0,"6,55",0,0,0,0,"6,55",0,0,0,0,0,0,0,0,0,20250218,20220202,,1,1,0,1,1,MAGASIN,1,0,0,0,3760278750294
133,L EXQUIS HERVE 200 GR,1,4,CROUTES LAVEES,1,TVA 3%,1,la pièce,"5,04","2,5","12,6",0,0,0,0,-72,15,LAIT DE VACHE PASTEURISESEL ET PRESURE ET AFFINE A LA BIEREBELGIQUE,0,0,0,,,"8,9",0,0,0,0,"7,7",0,0,0,0,0,0,0,0,0,0,0,0,0,0,20251023,20220202,,1,1,0,1,1,MAGASIN,1,0,0,0,133
135,MEJ'LAVANDE 90 GR,1,6,CHEVRE,1,TVA 3%,1,la pièce,"2,37","2,215","5,25",0,0,0,0,-3,15,"Chèvre/Occitanie/Cru//lait, sel, présure",0,0,0,"Le Pitchou s’accompagne d’un vin blanc sec, tel qu’un Pouilly fumé. ","Le mélange entre la douceur du chèvre et le goût subtil de la lavande donne une expérience inédite en bouche,","4,9",0,0,0,0,0,0,0,0,0,0,0,0,0,0,0,0,0,0,0,20240312,20220202,,1,1,0,1,1,MAGASIN,1,0,0,0,135
137,MEJ'THYM 90 GR,1,6,CHEVRE,1,TVA 3%,1,la pièce,"2,33","2,253","5,25",0,0,0,0,-82,15,"Chèvre/Occitanie/Cru//lait, sel, présure",0,0,0,"Quoiqu’il en soit, les fromages de chèvre s’accordent très bien avec les vins blancs fruités et souples, mais également avec les vins blancs demi-sec.",Le mélange entre la douceur du chèvre et le goût subtil Du thym donne une expérience inédite en bouche.,"4,9",0,0,0,0,0,0,0,0,0,0,0,0,0,0,0,0,0,0,0,20240312,20220202,,1,1,0,1,1,MAGASIN,1,0,0,0,137
141,BUCHETTE CENDREE 150G,1,6,CHEVRE,1,TVA 3%,1,la pièce,"3,22","2,5","8,05",0,0,0,0,-165,15,"Chèvre/Nouvelle Aquitaine/Cru//lait, sel, présure",0,0,0,"Quoiqu’il en soit, les fromages de chèvre s’accordent très bien avec les vins blancs fruités et souples, mais également avec les vins blancs demi-sec.",,"6,8",0,0,0,0,"5,56",0,0,0,0,"5,56",0,0,0,0,0,0,0,0,0,20251022,20220202,,1,1,0,1,1,MAGASIN,1,0,0,0,3424500017578
142,SEIN DE NOUNOU 250G,1,6,CHEVRE,1,TVA 3%,1,la pièce,"5,08","2,5","12,7",0,0,0,0,-11,15,"Chèvre/Centre Val de Loire/Cru//lait, sel, présure",0,0,0,"Quoiqu’il en soit, les fromages de chèvre s’accordent très bien avec les vins blancs fruités et souples, mais également avec les vins blancs demi-sec.","Sa pâte lactique, lisse et onctueuse, son goût caprin et très typé.","5,95",0,0,0,0,"5,25",0,0,0,0,0,0,0,0,0,0,0,0,0,0,20250902,20220202,,1,1,0,1,1,MAGASIN,1,0,0,0,142
159,CHABICHOU DU POITOU 100 G,1,6,CHEVRE,1,TVA 3%,1,la pièce,"4,17","2,494","10,4",0,0,0,0,-41,15,,0,0,0,,,"7,38",0,0,0,0,"6,56",0,0,0,0,0,0,0,0,0,0,0,0,0,0,20250218,20220309,,1,1,0,0,1,MAGASIN,1,0,0,0,
164,TOMME CHEVRE ET BREBIS,1,2,PPNC,1,TVA 3%,2,le kilo,"15,77","2,498","39,4",0,0,0,0,"-24,01",21,"LAIT DE CHEVRE ET BREBIS PASTEURISESEL,PRESURENOUVELLE  AQUITAINE",1,0,0,,,"31,9",0,0,0,0,"30,9",0,0,0,0,0,0,0,0,0,0,0,0,0,0,20250219,20220315,,1,1,0,0,1,MAGASIN,2,0,0,0,
181,COMTE RAPE,1,1,PPC,1,TVA 3%,2,le kilo,"16,51","2,356","38,9",0,0,0,0,0,15,"VACHE, BOURGOGNE\FRANCHE COMTE,CRU,AOP, LAIT,SEL,PRESURE",1,0,0,,,0,0,0,0,0,0,0,0,0,0,"32,9",0,0,0,0,0,0,0,0,0,20230114,20220423,,0,1,0,0,1,MAGASIN,1,0,0,0,
182,EMMENTAL SUISSE RAPE,1,1,PPC,1,TVA 3%,2,le kilo,"18,36","2,282","41,9",0,0,0,0,0,15,"VACHE,CRU,SUISSE,AOP,LAIT,SEL,PRESURE",1,0,0,,,0,0,0,0,0,0,0,0,0,0,"27,9",0,0,0,0,0,0,0,0,0,20240220,20220423,,0,1,0,0,1,MAGASIN,1,0,0,0,182
183,TRIPLE ROUSSE ARGENTAL,1,3,CROUTES FLEURIES,1,TVA 3%,2,le kilo,"23,13","2,464",57,0,0,0,0,"2,601",21,LAIT PASTEURISE VACHE CHEVRE ET BREBISBOURGOGNE,1,0,0,,,"40,8",0,0,0,0,"36,5",0,0,0,0,0,0,0,0,0,0,0,0,0,0,20250219,20220423,,1,1,0,0,1,MAGASIN,20,0,0,0,
188,FROMAGE ITALIEN RAPE,1,2,PPNC,1,TVA 3%,2,le kilo,"22,65","2,115","47,9",0,0,0,0,0,15,"VACHE,ITALIE,CRU,DOP,LAIT,SEL PRESURE",1,0,0,,,0,0,0,0,0,0,0,0,0,0,"40,25",0,0,0,0,0,0,0,0,0,20241210,20220429,,0,1,0,0,1,MAGASIN,2,0,0,0,1500
189,GRUYERE ALPAGE RAPE,1,1,PPC,1,TVA 3%,2,le kilo,"22,35","2,067","46,2",0,0,0,0,0,15,"VACHE,SUISSE,CRU,AOP,LAIT,SEL,PRESURE",1,0,0,,,"40,25",0,0,0,0,"39,8",0,0,0,0,"39,8",0,0,0,0,0,0,0,0,0,20230304,20220503,,0,0,0,0,1,MAGASIN,19,0,0,0,189
196,VACHEROUSSE ARGENTAL,1,4,CROUTES LAVEES,1,TVA 3%,2,le kilo,"15,45","2,505","38,7",0,0,0,0,"-49,936",21,"LAIT DE VACHE PASTEURISEREGION BOURGOGNE\FRANCHE-COMTELAIT,SEL,PRESURE",1,0,0,,,"27,75",0,0,0,0,"25,4",0,0,0,0,"25,4",0,0,0,0,0,0,0,0,0,20250218,20220513,,1,1,0,0,1,MAGASIN,20,0,0,0,196
197,CHEVRE NOIRE BARBICHETTE,1,6,CHEVRE,1,TVA 3%,2,le kilo,"20,41","2,499",51,0,0,0,0,"-23,335",14,"LAIT CRU DE CHEVREREGION VAL DE LOIRELAIT,SEL,PRESURE,CENDRE VEGETALE",1,0,0,,,"35,12",0,0,0,0,"31,21",0,0,0,0,0,0,0,0,0,0,0,0,0,0,20250218,20220513,,1,1,0,0,1,MAGASIN,20,0,0,0,
199,BREBITRUFFE TRADITION,1,2,PPNC,1,TVA 3%,2,le kilo,"23,74","2,5","59,35",0,0,0,0,"-17,725",0,"LAIT DE BREBIS PASTEURISEESPAGNELAIT,SEL,PRESURE, 5 % TRUFFES D'ETE",1,0,0,,,"40,5",0,0,0,0,36,0,0,0,0,36,0,0,0,0,0,0,0,0,0,20250218,20220513,,1,1,0,0,1,MAGASIN,20,0,0,0,
204,QUESO DE OVEJA CURADO,1,2,PPNC,1,TVA 3%,2,le kilo,"20,06","2,5","50,15",0,0,0,0,"-7,44",21,"LAIT PASTEURISE DE BREBISESPAGNELAIT,SEL,PRESURE,OLIVES NOIRES",1,0,0,,,"34,22",0,0,0,0,"30,42",0,0,0,0,0,0,0,0,0,0,0,0,0,0,20250218,20220513,,1,1,0,1,1,MAGASIN,20,0,0,0,204
205,RONDIN AUX FLEURS 100 GR,1,6,CHEVRE,1,TVA 3%,1,la pièce,"1,85","2,541","4,7",0,0,0,0,-50,14,"LAIT DE CHEVRE PASTEURISEREGION VAL DE LOIRELAIT,SEL,PRESURE,FLEURS",0,0,0,,,"3,2",0,0,0,0,"2,85",0,0,0,0,"3,01",0,0,0,0,0,0,0,0,0,20250219,20220513,,1,1,0,0,1,MAGASIN,20,0,0,0,3369640037645
207,HALLOUMI 250 GR,1,14,CREMERIE,1,TVA 3%,1,la pièce,"3,64","1,648",6,0,0,0,0,0,21,"LAIT DE VACHE,CHEVRE ET BREBISCHYPRELAIT,SEL,PRESURE,MENTHE",0,0,0,,,0,0,0,0,0,0,0,0,0,0,0,0,0,0,0,0,0,0,0,0,20250730,20220513,,0,1,0,0,1,MAGASIN,1,0,0,0,
208,CREMEUX DES ALPES,1,2,PPNC,1,TVA 3%,2,le kilo,"23,74","2,5","59,35",0,0,0,0,"-20,002",21,"LAIT THERMISE DE VACHESUISSELAIT,SEL,PRESURE",1,0,0,,,"44,18",0,0,0,0,"39,27",0,0,0,0,"39,27",0,0,0,0,0,0,0,0,0,20250218,20220513,,1,1,0,0,1,MAGASIN,20,0,0,0,
209,GINGERPEPE,1,2,PPNC,1,TVA 3%,2,le kilo,"21,5","2,5","53,75",0,0,0,0,0,21,"LAIT  CRU DE VACHESUISSELAIT,SEL,PRESURE,GINGEMBRE,CITRON ET POIVRE.",1,0,0,,,"44,45",3,0,0,0,"39,55",0,0,0,0,0,0,0,0,0,0,0,0,0,0,20250402,20220513,,0,1,0,0,1,MAGASIN,20,0,0,0,
210,GOUDA MIEL THYM,1,2,PPNC,1,TVA 3%,2,le kilo,"17,45","2,499","43,6",0,0,0,0,0,21,"LAIT CRU DE VACHE IGPPAYS-BASLAIT,SEL,PRESURE",1,0,0,,,"29,9",0,0,0,0,"26,6",0,0,0,0,0,0,0,0,0,0,0,0,0,0,20250513,20220513,,0,1,0,0,1,MAGASIN,1,0,0,0,
218,GRES CHAMPAGNE 125 GR,1,4,CROUTES LAVEES,1,TVA 3%,1,la pièce,"3,73","2,507","9,35",0,0,0,0,-66,14,"LAIT  PSTEURISE DE VACHEREGION GRAND-ESTLAIT,SEL,PRESURE AFFINE AU CHAMPAGNE",0,0,0,,,"6,52",0,0,0,0,"5,8",0,0,0,0,"5,8",0,0,0,0,0,0,0,0,0,20250219,20220513,,1,1,0,0,1,MAGASIN,20,0,0,0,3700443642849
220,TOMME FLEURETTE 170 GR,1,3,CROUTES FLEURIES,1,TVA 3%,1,la pièce,"4,94","2,5","12,35",0,0,0,0,-45,14,"LAIT CRU DE VACHESUISSELAIT,SEL,PRESURE",0,0,0,,,9,0,0,0,0,8,0,0,0,0,8,0,0,0,0,0,0,0,0,0,20250220,20220513,,1,1,0,0,1,MAGASIN,20,0,0,0,7623700003114
231,BREBIS D ARGENTAL,1,3,CROUTES FLEURIES,1,TVA 3%,2,le kilo,"17,5","2,5","43,75",0,0,0,0,"-26,142",21,"LAIT DE BREBIS PASTEURISE, SEL,PRESURERHONES ALPES",1,0,0,,,"30,65",0,0,0,0,"27,25",0,0,0,0,"27,25",0,0,0,0,0,0,0,0,0,20251023,20220616,,1,1,0,0,0,,20,0,0,0,231
239,TOMME DU MAQUIS,1,2,PPNC,1,TVA 3%,2,le kilo,"14,84","2,5","37,1",0,0,0,0,"-19,245",21,"LAIT PASTEURISE DE VACHE,SEL,PRESURE,AIL ET HERBES DE PROVENCESAVOIE",1,0,0,,,"25,33",0,0,0,0,"22,51",0,0,0,0,"23,9",0,0,0,0,0,0,0,0,0,20250218,20220908,,1,1,0,0,0,,20,0,0,0,239
240,LANGRES CHAMPENOIS 180 GR,1,4,CROUTES LAVEES,1,TVA 3%,1,la pièce,"4,32","2,5","10,8",0,0,0,0,-26,21,"LAIT THERMISE DE VACHE,SEL,PRESURE ,LAVEE AU MARC DE CHAMPAGNEHAUTE MARNE",0,0,0,,,"7,2",0,0,0,0,"6,4",0,0,0,0,"6,4",0,0,0,0,0,0,0,0,0,20250220,20220908,,1,1,0,0,0,,20,0,0,0,3290390001009
246,PLATEAU RACLETTE,1,2,PPNC,1,TVA 3%,1,la pièce,0,0,55,0,0,0,0,0,5,"Plateau raclette +/- 1kgMorbier. suisse.fumee. poivrelait, sel, presure",0,0,0,,,0,0,0,0,0,0,0,0,0,0,"33,4",0,0,0,0,0,0,0,0,0,20251111,20220917,,0,0,0,0,0,,19,0,0,1,3002460000009
248,CHEVREROUSSE ARGENTAL,1,3,CROUTES FLEURIES,1,TVA 3%,2,le kilo,"19,93","2,499","49,8",0,0,0,0,"-6,544",14,"LAIT PASTEURISE DE CHEVRESEL,PRESURERHONE ALPES",1,0,0,,,"36,7",0,0,0,0,"32,6",0,0,0,0,0,0,0,0,0,0,0,0,0,0,20250220,20220924,,1,1,0,0,0,,20,0,0,0,248
250,TRUFFALO,1,2,PPNC,1,TVA 3%,2,le kilo,"27,01","2,501","67,55",0,0,0,0,"-8,311",21,"LAIT CRU DE VACHESEL,PRESURE,RECOVERT DE COQUELICOT COMESTIBLE ET INFUSION DE LA TRUFFE DANS LE LAITSUISSE",1,0,0,,,"46,35",0,0,0,0,"41,18",0,0,0,0,0,0,0,0,0,0,0,0,0,0,20250218,20220924,,1,1,0,0,0,,20,0,0,0,
254,BRILL'ANT BARBICHETTE,1,6,CHEVRE,1,TVA 3%,2,le kilo,"21,1","2,5","52,75",0,0,0,0,"-9,493",14,"LAIT PASTEURISE DE VACHELAIT,SEL,PRESUREVAL DE LOIRE",1,0,0,,,37,0,0,0,0,"33,9",0,0,0,0,0,0,0,0,0,0,0,0,0,0,20251023,20220924,,1,1,0,0,0,,20,0,0,0,
261,TRAPPE ECHOURGNAC 300G,0,2,PPNC,1,TVA 3%,1,la pièce,"8,27","2,062","17,05",0,0,0,0,0,21,"LAIT DE VACHE PASTEURISE, SEL,PRESURE, AROME NOIX, VIN DE NOIX, CARAMELOUSULFITES D AMONIUM AQUITAINE",0,0,0,,,"14,89",0,0,0,0,"13,23",0,0,0,0,0,0,0,0,0,0,0,0,0,0,20250121,20221018,,0,0,0,0,0,,2,0,0,0,3359070010059
262,TRAPPE COUPE,1,2,PPNC,1,TVA 3%,2,le kilo,"24,36","2,381",58,0,0,0,0,"-5,98",21,,1,0,0,,,"43,85",0,0,0,0,"38,96",0,0,0,0,0,0,0,0,0,0,0,0,0,0,20250221,20221027,,1,1,0,0,0,,2,0,0,0,262
263,TALEGGIO DI GROTTA,1,2,PPNC,1,TVA 3%,2,le kilo,"16,82","2,5","42,05",0,0,0,0,"-2,844",21,,1,0,0,,,"30,42",0,0,0,0,"27,04",0,0,0,0,0,0,0,0,0,0,0,0,0,0,20250218,20221102,,1,1,0,0,0,,20,0,0,0,
275,TOMME FLEURETTE TRUFFE 170 GR,1,3,CROUTES FLEURIES,1,TVA 3%,1,la pièce,"7,2","2,5",18,0,0,0,0,0,14,,0,0,0,,,"15,68",0,0,0,0,"13,95",0,0,0,0,0,0,0,0,0,0,0,0,0,0,20241203,20221210,,0,1,0,0,0,,2,0,0,0,
276,CAMEMBERT CALVADOS 150 G,1,3,CROUTES FLEURIES,1,TVA 3%,1,la pièce,"3,9","2,5","9,75",0,0,0,0,4,21,,0,0,0,,,"7,05",0,0,0,0,"6,65",0,0,0,0,0,0,0,0,0,0,0,0,0,0,20250121,20221213,,1,1,0,0,0,,2,0,0,0,
283,FONDUE FORMATICUS KG,1,1,PPC,1,TVA 3%,2,le kilo,0,"2,85",61,0,0,0,0,0,21,,1,0,0,,,0,0,0,0,0,0,0,0,0,0,"5,5",0,0,0,0,0,0,0,0,0,20250226,20230112,,0,1,0,0,0,,19,0,0,0,
322,GRUYERE  SELECTION AOP 26 MOIS,1,1,PPC,1,TVA 3%,2,le kilo,"30,65","2,5","76,63",0,0,0,0,"-1,896",21,"LAIT CRU DE VACHESUISSELAIT,SEL,PRESURE,",1,0,0,,,"55,9",0,0,0,0,0,0,0,0,0,0,0,0,0,0,0,0,0,0,0,20250218,20231110,,1,1,0,0,0,,20,0,0,0,
323,ETOILE DE GATINE 120 GR,0,6,CHEVRE,1,TVA 3%,1,la pièce,"2,15","2,977","6,4",0,0,0,0,0,14,"LAIT CRU DE CHEVREPOITOULAIT,SEL,PRESURE",0,0,0,,,"5,9",0,0,0,0,0,0,0,0,0,0,0,0,0,0,0,0,0,0,0,20250121,20231110,,0,1,0,0,0,,20,0,0,0,
324,SAPIC 80 GR,0,6,CHEVRE,1,TVA 3%,1,la pièce,"1,93","2,513","4,85",0,0,0,0,0,14,"LAIT CRU DE CHEVREMIDI PYRENEESLAIT,SEL,PRESURE",0,0,0,,,"3,95",0,0,0,0,0,0,0,0,0,0,0,0,0,0,0,0,0,0,0,20250121,20231110,,0,1,0,0,0,,20,0,0,0,
325,CHEDDAR PORTO,1,1,PPC,1,TVA 3%,2,le kilo,"15,97","2,185","34,9",0,0,0,0,"-0,108",21,,1,0,0,,,"29,9",0,0,0,0,"27,4",0,0,0,0,0,0,0,0,0,0,0,0,0,0,20250121,20240130,,1,1,0,0,0,,20,0,0,0,
329,COEUR GOURMAND CITRON 80 GR,1,6,CHEVRE,1,TVA 3%,1,la pièce,"2,49","2,51","6,25",0,0,0,0,0,14,FROMAGE DE CHEVRE CONFITURE DE CITRON DE SICILEPERIGORDPASTEURISE,0,0,0,,,"4,35",0,0,0,0,4,0,0,0,0,0,0,0,0,0,0,0,0,0,0,20250423,20240206,,0,1,0,0,0,,20,0,0,0,
335,CROCANTA,1,2,PPNC,1,TVA 3%,2,le kilo,"25,34","2,5","63,35",0,0,0,0,"-6,738",21,LAIT CRU DE VACHESUISSELAIT.SEL.PRESURE,1,0,0,,,0,0,0,0,0,0,0,0,0,0,0,0,0,0,0,0,0,0,0,0,20250218,20240206,,1,0,0,0,0,,20,0,0,0,
351,MUNSTER FERMIER,1,14,CREMERIE,1,TVA 3%,2,le kilo,"21,56","2,5","53,9",0,0,0,0,"-8,622",0,,1,0,0,,,0,0,0,0,0,0,0,0,0,0,0,0,0,0,0,0,0,0,0,0,20250402,20240525,,1,0,0,0,0,,20,0,0,0,
352,PETIT SAPIN ECORCE,1,3,CROUTES FLEURIES,1,TVA 3%,2,le kilo,"16,3","2,5","40,75",0,0,0,0,0,0,,1,0,0,,,0,0,0,0,0,0,0,0,0,0,0,0,0,0,0,0,0,0,0,0,20241210,20240525,,0,0,0,0,0,,20,0,0,0,
358,SALAME DOLCE ZERO V. DEI TRULLI,0,8,CHARCUTERIE,1,TVA 3%,2,le kilo,"23,79","2,5","59,48",0,0,0,0,0,0,,1,0,0,,,0,0,0,0,0,0,0,0,0,0,0,0,0,0,0,0,0,0,0,0,20241126,20240528,,0,0,0,0,0,,28,0,0,0,
360,CAPOCOLLO STAGIONATO MARTINA FRANCA,0,8,CHARCUTERIE,1,TVA 3%,2,le kilo,22,"2,5",55,0,0,0,0,0,0,,1,0,0,,,0,0,0,0,0,0,0,0,0,0,0,0,0,0,0,0,0,0,0,0,20241126,20240528,,0,0,0,0,0,,28,0,0,0,
364,SALAME TORCIGLIONE,1,8,CHARCUTERIE,1,TVA 3%,2,le kilo,"10,15","2,498","25,35",0,0,0,0,0,0,,1,0,0,,,0,0,0,0,0,0,0,0,0,0,0,0,0,0,0,0,0,0,0,0,20250326,20240528,,0,0,0,0,0,,28,0,0,0,
367,SPECK TITO,0,8,CHARCUTERIE,1,TVA 3%,2,le kilo,"15,05","2,5","37,63",0,0,0,0,0,0,,1,0,0,,,0,0,0,0,0,0,0,0,0,0,0,0,0,0,0,0,0,0,0,0,20241126,20240528,,0,1,0,0,0,,28,0,0,0,
430,GRAND SAPIN,1,1,PPC,1,TVA 3%,2,le kilo,"19,84","2,5","49,6",0,0,0,0,"-5,098",0,,1,0,0,,,0,0,0,0,0,0,0,0,0,0,0,0,0,0,0,0,0,0,0,0,20250218,20241015,,1,0,0,0,0,,20,0,0,0,
431,TIMBERLY,1,1,PPC,1,TVA 3%,2,le kilo,"24,18","2,5","60,45",0,0,0,0,"3,506",0,,1,0,0,,,0,0,0,0,0,0,0,0,0,0,0,0,0,0,0,0,0,0,0,0,20250121,20241015,,1,0,0,0,0,,20,0,0,0,
435,FRIBOURG 9 MOIS,1,1,PPC,1,TVA 3%,2,le kilo,"18,04","2,5","45,1",0,0,0,0,"0,95",0,,1,0,0,,,0,0,0,0,0,0,0,0,0,0,0,0,0,0,0,0,0,0,0,0,20250121,20241015,,1,0,0,0,0,,20,0,0,0,
452,HORLOGER,1,1,PPC,1,TVA 3%,2,le kilo,"19,6","2,577","50,5",0,0,0,0,"-33,724",0,,1,0,0,,,0,0,0,0,0,0,0,0,0,0,0,0,0,0,0,0,0,0,0,0,20250122,20241113,,1,0,0,0,0,,20,0,0,0,
482,QUADRELLO,1,4,CROUTES LAVEES,1,TVA 3%,2,le kilo,"22,36","2,5","55,9",0,0,0,0,"-3,964",0,,1,0,0,,,0,0,0,0,0,0,0,0,0,0,0,0,0,0,0,0,0,0,0,0,20250122,20241203,,1,0,0,1,0,,1,0,0,0,
487,AFFINOIS COURGE,1,4,CROUTES LAVEES,1,TVA 3%,2,le kilo,"14,46","2,5","36,15",0,0,0,0,0,0,,1,0,0,,,0,0,0,0,0,0,0,0,0,0,0,0,0,0,0,0,0,0,0,0,20251014,20241211,,0,0,0,0,0,,2,0,0,0,
521,PETIT MUNSTER,1,3,CROUTES FLEURIES,1,TVA 3%,1,la pièce,"4,65","2,495","11,6",0,0,0,0,19,0,,0,0,0,,,0,0,0,0,0,0,0,0,0,0,0,0,0,0,0,0,0,0,0,0,20250122,20250114,,1,0,0,1,0,,1,0,0,0,